{
    "ATTACK": {
        "ATTACK": 15.789473684210526,
        "ATTACK_PERCENT": 10.0,
        "CHARGE_EFFICIENCY": 10.0,
        "CRITICAL": 7.317073170731707,
        "CRITICAL_HURT": 7.317073170731707,
        "DEFENSE": 15.789473684210526,
        "DEFENSE_PERCENT": 10.0,
        "ELEMENT_MASTERY": 10.0,
        "HP": 15.789473684210526,
        "HP_PERCENT": 10.0
    },
    "ATTACK_PERCENT": {
        "ATTACK": 15.789473684210526,
        "ATTACK_PERCENT": 10.0,
        "CHARGE_EFFICIENCY": 10.0,
        "CRITICAL": 7.317073170731707,
        "CRITICAL_HURT": 7.317073170731707,
        "DEFENSE": 15.789473684210526,
        "DEFENSE_PERCENT": 10.0,
        "ELEMENT_MASTERY": 10.0,
        "HP": 15.789473684210526,
        "HP_PERCENT": 10.0
    },
    "CHARGE_EFFICIENCY": {
        "ATTACK": 15.789473684210526,
        "ATTACK_PERCENT": 10.0,
        "CHARGE_EFFICIENCY": 10.0,
        "CRITICAL": 7.317073170731707,
        "CRITICAL_HURT": 7.317073170731707,
        "DEFENSE": 15.789473684210526,
        "DEFENSE_PERCENT": 10.0,
        "ELEMENT_MASTERY": 10.0,
        "HP": 15.789473684210526,
        "HP_PERCENT": 10.0
    },
    "CRITICAL": {
        "ATTACK": 15.789473684210526,
        "ATTACK_PERCENT": 10.0,
        "CHARGE_EFFICIENCY": 10.0,
        "CRITICAL": 7.317073170731707,
        "CRITICAL_HURT": 7.317073170731707,
        "DEFENSE": 15.789473684210526,
        "DEFENSE_PERCENT": 10.0,
        "ELEMENT_MASTERY": 10.0,
        "HP": 15.789473684210526,
        "HP_PERCENT": 10.0
    },
    "CRITICAL_HURT": {
        "ATTACK": 15.789473684210526,
        "ATTACK_PERCENT": 10.0,
        "CHARGE_EFFICIENCY": 10.0,
        "CRITICAL": 7.317073170731707,
        "CRITICAL_HURT": 7.317073170731707,
        "DEFENSE": 15.789473684210526,
        "DEFENSE_PERCENT": 10.0,
        "ELEMENT_MASTERY": 10.0,
        "HP": 15.789473684210526,
        "HP_PERCENT": 10.0
    },
    "DEFENSE_PERCENT": {
        "ATTACK": 15.789473684210526,
        "ATTACK_PERCENT": 10.0,
        "CHARGE_EFFICIENCY": 10.0,
        "CRITICAL": 7.317073170731707,
        "CRITICAL_HURT": 7.317073170731707,
        "DEFENSE": 15.789473684210526,
        "DEFENSE_PERCENT": 10.0,
        "ELEMENT_MASTERY": 10.0,
        "HP": 15.789473684210526,
        "HP_PERCENT": 10.0
    },
    "ELEMENTAL_DMG": {
        "ATTACK": 15.789473684210526,
        "ATTACK_PERCENT": 10.0,
        "CHARGE_EFFICIENCY": 10.0,
        "CRITICAL": 7.317073170731707,
        "CRITICAL_HURT": 7.317073170731707,
        "DEFENSE": 15.789473684210526,
        "DEFENSE_PERCENT": 10.0,
        "ELEMENT_MASTERY": 10.0,
        "HP": 15.789473684210526,
        "HP_PERCENT": 10.0
    },
    "ELEMENT_MASTERY": {
        "ATTACK": 15.789473684210526,
        "ATTACK_PERCENT": 10.0,
        "CHARGE_EFFICIENCY": 10.0,
        "CRITICAL": 7.317073170731707,
        "CRITICAL_HURT": 7.317073170731707,
        "DEFENSE": 15.789473684210526,
        "DEFENSE_PERCENT": 10.0,
        "ELEMENT_MASTERY": 10.0,
        "HP": 15.789473684210526,
        "HP_PERCENT": 10.0
    },
    "HP": {
        "ATTACK": 15.789473684210526,
        "ATTACK_PERCENT": 10.0,
        "CHARGE_EFFICIENCY": 10.0,
        "CRITICAL": 7.317073170731707,
        "CRITICAL_HURT": 7.317073170731707,
        "DEFENSE": 15.789473684210526,
        "DEFENSE_PERCENT": 10.0,
        "ELEMENT_MASTERY": 10.0,
        "HP": 15.789473684210526,
        "HP_PERCENT": 10.0
    },
    "HP_PERCENT": {
        "ATTACK": 15.789473684210526,
        "ATTACK_PERCENT": 10.0,
        "CHARGE_EFFICIENCY": 10.0,
        "CRITICAL": 7.317073170731707,
        "CRITICAL_HURT": 7.317073170731707,
        "DEFENSE": 15.789473684210526,
        "DEFENSE_PERCENT": 10.0,
        "ELEMENT_MASTERY": 10.0,
        "HP": 15.789473684210526,
        "HP_PERCENT": 10.0
    },
    "PHYS_DMG": {
        "ATTACK": 15.789473684210526,
        "ATTACK_PERCENT": 10.0,
        "CHARGE_EFFICIENCY": 10.0,
        "CRITICAL": 7.317073170731707,
        "CRITICAL_HURT": 7.317073170731707,
        "DEFENSE": 15.789473684210526,
        "DEFENSE_PERCENT": 10.0,
        "ELEMENT_MASTERY": 10.0,
        "HP": 15.789473684210526,
        "HP_PERCENT": 10.0
    }
}