{
    "ATTACK": {
        "ATTACK": 0,
        "ATTACK_PERCENT": 10.526315789473683,
        "CHARGE_EFFICIENCY": 10.526315789473683,
        "CRITICAL": 7.894736842105263,
        "CRITICAL_HURT": 7.894736842105263,
        "DEFENSE": 15.789473684210526,
        "DEFENSE_PERCENT": 10.526315789473683,
        "ELEMENT_MASTERY": 10.526315789473683,
        "HP": 15.789473684210526,
        "HP_PERCENT": 10.526315789473683
    },
    "ATTACK_PERCENT": {
        "ATTACK": 15.0,
        "ATTACK_PERCENT": 0,
        "CHARGE_EFFICIENCY": 10.0,
        "CRITICAL": 7.5,
        "CRITICAL_HURT": 7.5,
        "DEFENSE": 15.0,
        "DEFENSE_PERCENT": 10.0,
        "ELEMENT_MASTERY": 10.0,
        "HP": 15.0,
        "HP_PERCENT": 10.0
    },
    "CHARGE_EFFICIENCY": {
        "ATTACK": 15.0,
        "ATTACK_PERCENT": 10.0,
        "CHARGE_EFFICIENCY": 0,
        "CRITICAL": 7.5,
        "CRITICAL_HURT": 7.5,
        "DEFENSE": 15.0,
        "DEFENSE_PERCENT": 10.0,
        "ELEMENT_MASTERY": 10.0,
        "HP": 15.0,
        "HP_PERCENT": 10.0
    },
    "CRITICAL": {
        "ATTACK": 14.634146341463413,
        "ATTACK_PERCENT": 9.75609756097561,
        "CHARGE_EFFICIENCY": 9.75609756097561,
        "CRITICAL": 0,
        "CRITICAL_HURT": 7.317073170731707,
        "DEFENSE": 14.634146341463413,
        "DEFENSE_PERCENT": 9.75609756097561,
        "ELEMENT_MASTERY": 9.75609756097561,
        "HP": 14.634146341463413,
        "HP_PERCENT": 9.75609756097561
    },
    "CRITICAL_HURT": {
        "ATTACK": 14.634146341463413,
        "ATTACK_PERCENT": 9.75609756097561,
        "CHARGE_EFFICIENCY": 9.75609756097561,
        "CRITICAL": 7.317073170731707,
        "CRITICAL_HURT": 0,
        "DEFENSE": 14.634146341463413,
        "DEFENSE_PERCENT": 9.75609756097561,
        "ELEMENT_MASTERY": 9.75609756097561,
        "HP": 14.634146341463413,
        "HP_PERCENT": 9.75609756097561
    },
    "DEFENSE_PERCENT": {
        "ATTACK": 15.0,
        "ATTACK_PERCENT": 10.0,
        "CHARGE_EFFICIENCY": 10.0,
        "CRITICAL": 7.5,
        "CRITICAL_HURT": 7.5,
        "DEFENSE": 15.0,
        "DEFENSE_PERCENT": 0,
        "ELEMENT_MASTERY": 10.0,
        "HP": 15.0,
        "HP_PERCENT": 10.0
    },
    "ELEMENTAL_DMG": {
        "ATTACK": 13.636363636363635,
        "ATTACK_PERCENT": 9.090909090909092,
        "CHARGE_EFFICIENCY": 9.090909090909092,
        "CRITICAL": 6.8181818181818175,
        "CRITICAL_HURT": 6.8181818181818175,
        "DEFENSE": 13.636363636363635,
        "DEFENSE_PERCENT": 9.090909090909092,
        "ELEMENT_MASTERY": 9.090909090909092,
        "HP": 13.636363636363635,
        "HP_PERCENT": 9.090909090909092
    },
    "ELEMENT_MASTERY": {
        "ATTACK": 15.0,
        "ATTACK_PERCENT": 10.0,
        "CHARGE_EFFICIENCY": 10.0,
        "CRITICAL": 7.5,
        "CRITICAL_HURT": 7.5,
        "DEFENSE": 15.0,
        "DEFENSE_PERCENT": 10.0,
        "ELEMENT_MASTERY": 0,
        "HP": 15.0,
        "HP_PERCENT": 10.0
    },
    "HP": {
        "ATTACK": 15.789473684210526,
        "ATTACK_PERCENT": 10.526315789473683,
        "CHARGE_EFFICIENCY": 10.526315789473683,
        "CRITICAL": 7.894736842105263,
        "CRITICAL_HURT": 7.894736842105263,
        "DEFENSE": 15.789473684210526,
        "DEFENSE_PERCENT": 10.526315789473683,
        "ELEMENT_MASTERY": 10.526315789473683,
        "HP": 0,
        "HP_PERCENT": 10.526315789473683
    },
    "HP_PERCENT": {
        "ATTACK": 15.0,
        "ATTACK_PERCENT": 10.0,
        "CHARGE_EFFICIENCY": 10.0,
        "CRITICAL": 7.5,
        "CRITICAL_HURT": 7.5,
        "DEFENSE": 15.0,
        "DEFENSE_PERCENT": 10.0,
        "ELEMENT_MASTERY": 10.0,
        "HP": 15.0,
        "HP_PERCENT": 0
    },
    "PHYS_DMG": {
        "ATTACK": 13.636363636363635,
        "ATTACK_PERCENT": 9.090909090909092,
        "CHARGE_EFFICIENCY": 9.090909090909092,
        "CRITICAL": 6.8181818181818175,
        "CRITICAL_HURT": 6.8181818181818175,
        "DEFENSE": 13.636363636363635,
        "DEFENSE_PERCENT": 9.090909090909092,
        "ELEMENT_MASTERY": 9.090909090909092,
        "HP": 13.636363636363635,
        "HP_PERCENT": 9.090909090909092
    }
}
